LR investi,EE-LV investi,Socialiste investi,slug,depute_sortant,premier_mandat
Jean-François Lamour,,ROY Isabelle,jean-francois-lamour,Jean-François Lamour,2007
Enguerrand Delannoy,Florian SÉJOURNÉ,CLEMENT Jean Michel,jean-michel-clement,Jean-Michel Clément,2007
Bernard Reynès,Hélène Haensler,,bernard-reynes,Bernard Reynès,2007
,Frédéric Weisz,LE VERN Marie,sandrine-hurel,Sandrine Hurel,2007
Étienne Glémot,Hervé Dubosclard,CAMARA TOMBINI Sylvie,marc-laffineur,Marc Laffineur,1988
,,MUNSTER Linda,charles-de-courson,Charles de Courson,1993
,Gilbert Champagne,PAUL Christian,christian-paul,Christian Paul,1997
Sylviane Pacot,Marie-Ange Delavenne,BASLY LAPEGUE Christine,jean-pierre-dufau,Jean-Pierre Dufau,1997
Valérie Debord,,FERON Hervé,herve-feron,Hervé Féron,2007
Nora Berra,Fanny Dubot,TOURAINE Jean Louis,jean-louis-touraine,Jean-Louis Touraine,2007
Stéphanie Grimaldi,Jean-Claude Mancione,,paul-giacobbi,Paul Giacobbi,2002
Marc Le Fur,,,marc-le-fur,Marc Le Fur,1993
Jean-Marc Carreau,,PICHOT Franck,jean-rene-marsac,Jean-René Marsac,2007
Jean Leonetti,Elisabeth Deborde,,jean-leonetti,Jean Leonetti,1997
Jean-François Bures,Véronique Bérégovoy,FOURNEYRON Valérie,valerie-fourneyron,Valérie Fourneyron,2007
Julien Bainvel,,,francois-de-rugy,François de Rugy,2007
Jérôme Chartier,Catherine David,,jerome-chartier,Jérôme Chartier,2002
Elsa Schalck,Abdelkarim Ramdane,ELKOUBY Eric,armand-jung,Armand Jung,1997
Alexandre Vincendet,Pierre Didier Tchetche-Apea,GAUQUELIN Renaud,renaud-gauquelin,Renaud Gauquelin,2016
,Dan Thuy Vo,,francis-hillmeyer,Francis Hillmeyer,2000
Françoise Borret,Catherine Renaux,TEMPESTA Marie Caroline,patrick-lemasle,Patrick Lemasle,1997
,Marie-Amélie RIVET,LAMBERT Jérôme,jerome-lambert,Jérôme Lambert,1986
Patrice Verchère,Bénédicte Hominal,,patrice-verchere,Patrice Verchère,2007
Hervé Gaymard,,,herve-gaymard,Hervé Gaymard,1993
Paul Salen,,,paul-salen,Paul Salen,2011
Thierry Lazaro,,,thierry-lazaro,Thierry Lazaro,1993
Florence Legrand,Stéphane Saubusse,GOT Pascale,pascale-got,Pascale Got,2007
Françoise Guégot,,,francoise-guegot,Françoise Guégot,2007
Miren de Lorgeril,Claude-Marie Benson,GINIES Alain,jean-claude-perez,Jean-Claude Perez,1997
Thierry Mariani,Janick Magne,ASSANTE Matthias,thierry-mariani,Thierry Mariani,1993
,Delphine Groslong,MALRIC Isabelle,franck-reynier,Franck Reynier,2007
,Adrien Delassus,LEPETIT Annick,annick-lepetit,Annick Lepetit,2002
,,CHARAI Naima,noel-mamere,Noël Mamère,1997
Luc Strehaiano,François Delcombre,PESTIE Guyslaine,francois-scellier,François Scellier,2002
Gérard Cherpion,,,gerard-cherpion,Gérard Cherpion,1993
Camille Bedin,Alexis Martin,BIGDADE Habiba,jacqueline-fraysse,Jacqueline Fraysse,1978
,,,maurice-leroy,Maurice Leroy,1997
,Karima Chouia,VIARD Hélène,francis-vercamer,Francis Vercamer,2002
François Cornut-Gentille,,DESFRETIER Antoine,francois-cornut-gentille,François Cornut-Gentille,1993
Denis Jacquat,Mathias Boquet,TOULOUZE Jean Michel,denis-jacquat,Denis Jacquat,1986
Christophe Coulon,Brigitte Fournié Turquin,,rene-dosiere,René Dosière,1988
,Sylvie Dupart-Muzerelle,GORCE Gaetan,martine-carrillon-couvreur,Martine Carrillon-Couvreur,2002
Josette Pons,Delphine De Luca,LAUBLET Cécile,josette-pons,Josette Pons,2002
Michel Voisin,Anne Partensky-Leibman,,michel-voisin,Michel Voisin,1988
,Olivier Keller,TERRASSE Pascal,pascal-terrasse,Pascal Terrasse,1997
,Dina Deffairi-Sessac,LE ROUX Bruno,bruno-le-roux,Bruno Le Roux,1997
Laure Esquieu,Claire Monod,LE GUEN Jean Marie,jean-marie-le-guen,Jean-Marie Le Guen,1988
Jean-Claude Mignon,,ALIX Nicolas,jean-claude-mignon,Jean-Claude Mignon,1988
Karine Roux-Labat,Jean-Yves Grandidier,GARRIGOU Bernard,alain-rousset,Alain Rousset,2007
Marc-Philippe Daubresse,,HARQUET Philippe,marc-philippe-daubresse,Marc-Philippe Daubresse,1992
Éric Ciotti,,,eric-ciotti,Éric Ciotti,2007
Sonia Petro,,,victorin-lurel,Victorin Lurel,2002
Marjorie Gosselet-Cambrai,,,christian-bataille,Christian Bataille,1988
,Jean-Pierre Bigorgne,URVOAS Jean-Jacques,jean-jacques-urvoas,Jean-Jacques Urvoas,2007
Amélie Dhalluin,,COUET Emmanuel,marcel-rogemont,Marcel Rogemont,1997
,Clémentine Renaud,FLOUREUSSES Sandrine,francoise-imbert,Françoise Imbert,1997
Marie-Hélène Roux,David Cormand,BACHELAY Guillaume,laurent-fabius,Laurent Fabius,1978
Damien Laborde,Patrick Jimena,POUPONNEAU Camille,monique-iborra,Monique Iborra,2007
Claude Goasguen,,WEIL Pierre Alain,claude-goasguen,Claude Goasguen,1993
Daniel Fasquelle,,DRAIN Blandine,daniel-fasquelle,Daniel Fasquelle,2007
Marie-Louise Fort,,,marie-louise-fort,Marie-Louise Fort,2007
,Laurent Audouin,ROSSET Marine,francois-fillon,François Fillon,1981
,,GAUTIER LE BAIL Evelyne,thierry-benoit,Thierry Benoit,2007
Frederic Nihous,Lucile Wacheux,DUPUIS Agnès,marc-dolez,Marc Dolez,1988
,Nachida Barre,VERDIER Fabien,philippe-vigier,Philippe Vigier,2007
Marie-Françoise Nadau,Michèle Belitzerkaufski,LAGRAVE Renaud,alain-vidalies,Alain Vidalies,1988
Jean-Claude Bouchet,,,jean-claude-bouchet,Jean-Claude Bouchet,2007
,Fabrice Bazin,DENIAUD Laurianne,marie-odile-bouille,Marie-Odile Bouillé,2007
,Jade Barre,CORDIER Stéphane,jean-pierre-gorges,Jean-Pierre Gorges,2002
Marc-Antoine Quenette,,DUSSOPT Olivier,olivier-dussopt,Olivier Dussopt,2007
Christine Bouquin,Odile Joannès,,marcel-bonnot,Marcel Bonnot,2002
Martine Valleton,Céline Fréby,,francois-asensi,François Asensi,1981
,Pauline Couvent,PUIJALON Thomas,andre-santini,André Santini,1988
Pierre Lellouche,Victoria Barigant,VERON Pauline,pierre-lellouche,Pierre Lellouche,1993
,,HAKI Marie Claire,herve-morin,Hervé Morin,1998
Françoise Dumont,Jean-Laurent Felizia,,jean-michel-couve,Jean-Michel Couve,1986
Jean-Louis Christ,Marie Harmi,,jean-louis-christ,Jean-Louis Christ,2002
Paulette Picard,,,jean-paul-chanteguet,Jean-Paul Chanteguet,1988
Elise Vouvet-Laguionnie,Odile ACHARD,PINVILLE Martine,martine-pinville,Martine Pinville,2007
Alain Moyne-Bressand,Danièle Falchier,,alain-moyne-bressand,Alain Moyne-Bressand,1986
,Laure Olivier,MAQUET Jacqueline,jacqueline-maquet,Jacqueline Maquet,2007
,Vincent Jeudy,CLAVEQUIN  Maude,michel-zumkeller,Michel Zumkeller,2002
Daniel Sauvaitre,Marie NOBILET,REYNAUD Marianne,marie-line-reynaud,Marie-Line Reynaud,1997
,,DUPOUEY Francis,philippe-martin,Philippe Martin,2002
Pierre Lequiller,Marie-Françoise d'Arras,BELALA Monika,pierre-lequiller,Pierre Lequiller,1988
Dominique Dord,,,dominique-dord,Dominique Dord,1997
Laetitia Boidin,Marie-Andrée Jérôme-Clovis,QUERNEZ Michaël,gilbert-le-bris,Gilbert Le Bris,1981
Bernard Gérard,Sandrine Rousseau,,bernard-gerard,Bernard Gérard,2007
,Joan Fenet,,francois-pupponi,François Pupponi,2007
Jean-Luc Reitzer,,,jean-luc-reitzer,Jean-Luc Reitzer,1988
Michel Herbillon,Rémi Houley,GALLAIS Sophie,michel-herbillon,Michel Herbillon,1997
Philippe Houillon,Bénédicte Ariès,NGUYEN DEROSIER Sandra,philippe-houillon,Philippe Houillon,1993
Jacqueline Daigre,,,alain-claeys,Alain Claeys,1997
,Patricia Simonin-Chaillot,KIZIRIAN Philippe,francois-rochebloine,François Rochebloine,1988
Pierre Regent,,DUMONT Jean Louis,jean-louis-dumont,Jean-Louis Dumont,1981
Guillaume Peltier,,GUENIN Didier,patrice-martin-lalande,Patrice Martin-Lalande,1993
Bernard Perrut,Brigitte Ealet,,bernard-perrut,Bernard Perrut,1997
Édouard Courtial,Gil Mettai,OUIZILLE Alexandre,edouard-courtial,Édouard Courtial,2002
Georges Fenech,Jérôme Bub,JOASSARD Jules,georges-fenech,Georges Fenech,2002
Michèle Tabarot,Didier Cherel,,michele-tabarot,Michèle Tabarot,2002
,Frédéric Bigot,LOUREL Marcel,alain-bocquet,Alain Bocquet,1978
Anne-Constance Onghena,Dan Lert,CAMBADELIS Jean Christophe,jean-christophe-cambadelis,Jean-Christophe Cambadélis,1988
Nicole Ameline,Sophie Börner,MADELAINE Xavier,nicole-ameline,Nicole Ameline,1991
,,PETIT Bertrand,michel-lefait,Michel Lefait,1997
,,ADRIEN BIGEON Laurence,gilles-bourdouleix,Gilles Bourdouleix,2002
Daniel Duglery,,BRIEN NIcolas,bernard-lesterlin,Bernard Lesterlin,2007
Alain Marty,Brigitte Albertus,,alain-marty,Alain Marty,2002
Jacques Myard,,VITRAC POUZOULET Michèle,jacques-myard,Jacques Myard,1993
Laurent Mossion,Francis Cortez,MOYRAND Michel,pascal-deguilhem,Pascal Deguilhem,2007
,Ghislaine Senée,,arnaud-richard,Arnaud Richard,2010
Jean-Charles Taugourdeau,,,jean-charles-taugourdeau,Jean-Charles Taugourdeau,2002
Lionnel Luca,Antoine Marchese,,lionnel-luca,Lionnel Luca,1997
,Thomas Fremond,,francois-xavier-villain,François-Xavier Villain,2002
Eric Woerth,,,eric-woerth,Éric Woerth,2002
Philippe Gosselin,,,philippe-gosselin,Philippe Gosselin,2007
Karine Mousseau,,,alfred-marie-jeanne,Alfred Marie-Jeanne,1997
,,MESSAFTA Lies,patrick-balkany,Patrick Balkany,1988
Anne-Michèle Bianchi,,FITA Claire,jacques-valax,Jacques Valax,2007
Georges Schuler,,OEHLER Serge,andre-schneider,André Schneider,1997
,,,annick-girardin,Annick Girardin,2007
Laurence Arribagé,,HARDY Isabelle,laurence-arribage,Laurence Arribagé,2014
Paul Christophe,Myriam Santhune,DEVOS Christian,jean-pierre-decool,Jean-Pierre Decool,2002
Jean-François Copé,,MARGUERITE Bastien,jean-francois-cope,Jean-François Copé,1995
Céline Ballesteros,,GILLE Jean Patrick,jean-patrick-gille,Jean-Patrick Gille,2007
,,TOURAINE Marisol,marisol-touraine,Marisol Touraine,1997
Arnaud Murgia,,,joel-giraud,Joël Giraud,
Sarah Gentil,Ghilaine Jeannot-Pages,LAFAYE Laurent,alain-rodet,Alain Rodet,1981
,,,chantal-berthelot,Chantal Berthelot,2007
,Richard Bidegaray,VALLAUD Boris,henri-emmanuelli,Henri Emmanuelli,
,,ERHEL Corinne,corinne-erhel,Corinne Erhel,
Jean-Claude Mathis,,AIT KEDDACHE Audrey,jean-claude-mathis,Jean-Claude Mathis,2002
,Jean-Marc Fleury,MAC FARLANE Arnaud,bertrand-pancher,Bertrand Pancher,2007
Bérengère Poletti,,,berengere-poletti,Bérengère Poletti,2002
Severine Vachon,Laurence RÉAU,BATHO Delphine,delphine-batho,Delphine Batho,2007
Emmanuelle Haziza,Béatrice Vessiller,VALLAUD BELKACEM Najat,pascale-crozon,Pascale Crozon,2007
Laurent Wauquiez,,FARISON Fabrice,laurent-wauquiez,Laurent Wauquiez,2004
Pierre Morel-à-l’Huissier,Grégoire de Saint Jorre,,pierre-morel-a-l-huissier,Pierre Morel-A-L'Huissier,2002
Jean-Marie Sermier,,BARTHOULOT Françoise,jean-marie-sermier,Jean-Marie Sermier,2002
Babette de Rozières,,BROSSEL Colombe,daniel-vaillant,Daniel Vaillant,1988
Sandrine Martin-Grand,,BATTISTEL Marie Noelle,marie-noelle-battistel,Marie-Noëlle Battistel,2010
Jean-Jacques Guillet,Renaud Dubois,LIME BIFFE Catherine,jean-jacques-guillet,Jean-Jacques Guillet,1993
Yves d’Amecourt,Anne-Laure Fabre-Nadler,VEYSSY Catherine,martine-faure,Martine Faure,2007
Rémi Delatte,Catherine Hervieu,PRIBETICH Pierre,remi-delatte,Rémi Delatte,2007
Elodie Léger,,DESTOT Michel,michel-destot,Michel Destot,1988
Christine Cerrigone,Nahiba Rezkalla,,marie-george-buffet,Marie-George Buffet,1997
,Chritian Carlier,,dominique-baert,Dominique Baert,1997
Jacques Kossowski,Joëlle Paris,DAHAN Isabelle,jacques-kossowski,Jacques Kossowski,1997
,,JIBRAYEL Henri,henri-jibrayel,Henri Jibrayel,2007
Marlène Mourier,Hélène Le Gardeur,VEYRET Jean-Pierre,patrick-labaune,Patrick Labaune,1993
Guénhaël Huet,,,guenhael-huet,Guénhaël Huet,2007
Laurence Balas,Rémi Zinck,JULIEN-LAFERRIERE Hubert,pierre-alain-muet,Pierre-Alain Muet,2007
Bernard Deflesselles,Johan Laflotte,HARKANE Stéphanie,bernard-deflesselles,Bernard Deflesselles,1999
Frédérique Meunier,,NAUCHE Philippe,philippe-nauche,Philippe Nauche,1997
Gilles Carrez,Bruno Le Corre,ADOMO Caroline,gilles-carrez,Gilles Carrez,1993
Caroline Vannier,Anne Mikolajczak,LAMY François,bernard-roman,Bernard Roman,1997
Jean-Louis Costes,Lionel Feuillas,MOLIERAC Guillaume,jerome-cahuzac,Jérôme Cahuzac,1997
Philippe Briand,,,philippe-briand,Philippe Briand,1993
Jean-Carles Grelier,Sophie Bringuy,ROUILLON Christophe,dominique-le-mener,Dominique Le Mèner,2002
,,MERY FRITZ Valérie,jean-christophe-lagarde,Jean-Christophe Lagarde,2002
Nacéra Soltani,Philippe Bernard,DELANNOY Frédéric,jean-jacques-candelier,Jean-Jacques Candelier,2007
Mathieu Albugues,Dominique Parcellier,,sylvia-pinel,Sylvia Pinel,
,Pauline Pottier,LAURENT Christine,jean-louis-borloo,Jean-Louis Borloo,1993
Benoist Apparu,,NAMUR Rudy,benoist-apparu,Benoist Apparu,2007
Nesredine Ramdani,Lisette Sudic,CAILLIAU Bernard,serge-janquin,Serge Janquin,1993
Rémi Sadocco,Pascal Didier,LIEBGOTT Michel,michel-liebgott,Michel Liebgott,1997
Christian Demuynck,Eric Manfredi,,michel-pajon,Michel Pajon,1996
Francois Chollet,,LEMORTON Catherine,catherine-lemorton,Catherine Lemorton,2007
Maxence Henry,,,marc-goua,Marc Goua,2007
Geneviève Levy,,GIES Valentin,genevieve-levy,Geneviève Levy,2002
Philippe Langenieux-Villard,,GIRAUD Eliane,francois-brottes,François Brottes,1997
Clarisse Coufourier,,GRELIER Estelle,jacques-dellerie,Jacques Dellerie,2016
Miguel Laventure,,,serge-letchimy,Serge Letchimy,2007
Franck Marlin,Patrick Polverelli,,franck-marlin,Franck Marlin,1995
,Claudine Goichon,,veronique-besse,Véronique Besse,2005
Aminthe Renouf,Noëlle Le Maulf,DUMONT Laurence,laurence-dumont,Laurence Dumont,1997
Bernard Accoyer,Jean-Jacques Bouchet,,bernard-accoyer,Bernard Accoyer,1993
Gilles Platret,François Lotteau,SIRUGUE Christophe,christophe-sirugue,Christophe Sirugue,2007
Valérie Boyer,,OREGGIA Gérard,valerie-boyer,Valérie Boyer,2007
Barbara Neto,,BIEMOURET Gisèle,gisele-biemouret,Gisèle Biémouret,2007
Lionel Tardy,Jeanie Tremblay,,lionel-tardy,Lionel Tardy,2007
Bertrand Barraud,Jean Baptiste Pegeon,MAISONNET Sylvie,jean-paul-bacquet,Jean-Paul Bacquet,1997
,,VERAN Olivier,genevieve-fioraso,Geneviève Fioraso,2007
Christine Gennaro-Saint,Cécile Peguin,BAPT Gérard,gerard-bapt,Gérard Bapt,1978
Arlette Grosskost,Florence Peter,,arlette-grosskost,Arlette Grosskost,2002
Jean-Pierre Door,,GABORET Jalila,jean-pierre-door,Jean-Pierre Door,2002
,,BABA Meriem,michel-piron,Michel Piron,2002
,,,francois-loncle,François Loncle,1981
Philippe Goujon,,SITBON Florian,philippe-goujon,Philippe Goujon,1993
Martial Saddier,Jacques Venjean,,martial-saddier,Martial Saddier,2002
Fernand Siré,Véronika Daae,SADOURNY Marie Pierre,fernand-sire,Fernand Siré,2010
Agnès Firmin Le Bodo,Alexis Deck,BRASSE Matthieu,edouard-philippe,Edouard Philippe,2012
Éric Straumann,Frédéric Hilbert,,eric-straumann,Éric Straumann,2007
Philippe Meunier,,BERGAME Françoise,philippe-meunier,Philippe Meunier,2007
Alain Ramadier,,GOLDBERG Daniel,daniel-goldberg,Daniel Goldberg,2007
Caroline Varin,Jacques Picard,,manuel-valls,Manuel Valls,2002
Karine Charbonnier-Beck,Lise Daleux,VICOT Roger,yves-durand,Yves Durand,1988
Samia Soultani-Vigneron,Maël Rannou,GAROT Guillaume,guillaume-garot,Guillaume Garot,2007
Yves Albarello,,JABUT Stéphane,yves-albarello,Yves Albarello,2007
Marie-Jo Zimmermann,,DE OLIVEIRA Nathalie,marie-jo-zimmermann,Marie-Jo Zimmermann,1998
Thierry Hebbrecht,Philippe Bouriachi,,laurent-cathala,Laurent Cathala,1981
,Laure Desvalois,DAVID Alain,conchita-lacuey,Conchita Lacuey,1997
Jérôme Peyrat,François Coq,DELRIEUX Benjamin,germinal-peiro,Germinal Peiro,1997
Jean-François Mancel,François Veillerette,,jean-francois-mancel,Jean-François Mancel,1978
Isabelle Géhin,Corinne Guyonnet,,jean-michel-villaume,Jean-Michel Villaumé,2007
Audrey Gaudron,Marianne Jaouen,LE BOUILLONNEC Jean Yves,jean-yves-le-bouillonnec,Jean-Yves Le Bouillonnec,2002
Alain Gest,Martial Mouqueron,,alain-gest,Alain Gest,1993
Catherine Rouillé-Pasquali,,PASSIEUX Marie,kleber-mesquida,Kléber Mesquida,2002
Valère Nedey,Anna Maillard,BARBIER Frédéric,pierre-moscovici,Pierre Moscovici,1997
Christian Kert,,LENFANT Gaëlle,christian-kert,Christian Kert,1988
Xavier Beck,Laurent Lanquar-Castiel,,jean-claude-guibal,Jean-Claude Guibal,1997
Cyril Melchior,Charles Moyac,NANA IBRAHIM Salim,huguette-bello,Huguette Bello,1997
Claude Greff,Eric Beaugendre,GAUDRON Isabelle,claude-greff,Claude Greff,2002
Sabine Banach,Jamel Oufqir,MASSON Frédérique,guy-delcourt,Guy Delcourt,2007
Antoine Herth,,,antoine-herth,Antoine Herth,2002
,,LABARTHE Vincent,jean-launay,Jean Launay,1998
,Damien Girard,ROUILLARD Gwendal,gwendal-rouillard,Gwendal Rouillard,2011
David Margueritte,Jean-Sébastien Hederer,,bernard-cazeneuve,Bernard Cazeneuve,1997
Véronique Bourbigot,,ADAM Patricia,patricia-adam,Patricia Adam,2002
Sauveur Gandolfi-Scheit,Jean-Luc Luciani,DE GENTILI Emmanuelle,sauveur-gandolfi-scheit,Sauveur Gandolfi-Scheit,2007
Bertrand Serp,Abdelkader Laroui,MARTINEL Martine,martine-martinel,Martine Martinel,2007
Luc Chatel,,,luc-chatel,Luc Chatel,2002
Anne Valryck,,,michele-delaunay,Michèle Delaunay,2007
Alain Suguenot,Carole Bernhard,,alain-suguenot,Alain Suguenot,1993
Eric Berdoati,,,patrick-ollier,Patrick Ollier,1988
,,,yannick-favennec,Yannick Favennec,2002
Christophe Guilloteau,Victor Fornito,GIONTARELLI Jocelyne,christophe-guilloteau,Christophe Guilloteau,2003
Michel Sordi,Michel Knoerr,,michel-sordi,Michel Sordi,2002
Myriam Fougere,Claire Lespagnol,BETENFELD Gérard,andre-chassaigne,André Chassaigne,2002
Véronique Carantois,Jean-Marc Pasquet,COLAS Romain,romain-colas,Romain Colas,2014
Marine Brenier,,GRAILLAT Chaama,marine-brenier,Marine Brenier,2016
Arnaud Viala,,,arnaud-viala,Arnaud Viala,2015
Charles-Eric Lemaignen,,JOUIN Olivier,olivier-carre,Olivier Carré,2007
Jean-Luc Warsmann,,HERBILLON Didier,jean-luc-warsmann,Jean-Luc Warsmann,1995
Pierre Morange,Stéphanie Belna,SILLY Angélique,pierre-morange,Pierre Morange,1999
Guy Geoffroy,,DELESSARD Monique,guy-geoffroy,Guy Geoffroy,2002
,,FAGES Marie Laure,yves-jego,Yves Jégo,2002
Chantal Dugourd,Henri Plande,LACOSTE Michèle,philippe-plisson,Philippe Plisson,2007
,Karine Corne-Hiver,LUCAS Benjamin,stephane-demilly,Stéphane Demilly,2002
Alain Marleix,Elise Brugiere,,alain-marleix,Alain Marleix,1993
Isabelle Hyvoz,Maryline Forgeneuf,LANGLADE Colette,colette-langlade,Colette Langlade,2008
Sébastien Pilard,Pascale Chiron,ROBERT Alain,marie-francoise-clergeau,Marie-Françoise Clergeau,1997
Nicolas Dhuicq,,PROVIN Emmanuel,nicolas-dhuicq,Nicolas Dhuicq,2007
André At,Guy Pezet,CAVALERIE Bertrand,marie-lou-marcel,Marie-Lou Marcel,2007
,François Nicolas,RAIMBOURG Dominique,dominique-raimbourg,Dominique Raimbourg,2001
Olivier Dassault,Michel Fontaine,,olivier-dassault,Olivier Dassault,1988
,,,nicolas-dupont-aignan,Nicolas Dupont-Aignan,1997
Julien Freyburger,Philippe Casin,FILIPETTI Aurélie,aurelie-filippetti,Aurélie Filippetti,2007
,Nadia Azoug,GUIGOU Elisabeth,elisabeth-guigou,Élisabeth Guigou,1997
Lucien Degauchy,Luc Blanchard,,lucien-degauchy,Lucien Degauchy,1993
Ian Boucard,,COURTY Arthur,damien-meslot,Damien Meslot,2002
Aurélien Pradié,,,dominique-orliac,Dominique Orliac,2007
Frédéric Reiss,Jean-Louis Piquard,,frederic-reiss,Frédéric Reiss,2002
Marie-Christine Dalloz,,,marie-christine-dalloz,Marie-Christine Dalloz,2007
Hervé Mariton,,ROCHAS Pascale,herve-mariton,Hervé Mariton,1993
Frédéric Neveu,Bernard PINSON,MESNARD Françoise,catherine-quere,Catherine Quéré,2007
Marine Brenier,,GRAILLAT Chaama,christian-estrosi,Christian Estrosi,1988
,Guy Harau,VAISSE Brigitte,patrick-weiten,Patrick Weiten,2016
Aude Resseguier,Florence Cortes,ESTEBAN Martine,frederique-massat,Frédérique Massat,2007
Céleste Lett,,DUFFLO Angèle,celeste-lett,Céleste Lett,2002
Sylvain Berrios,Catherine Monié,VAGNIER Laurence,henri-plagnol,Henri Plagnol,1997
Marc Oxibar,Alice Leiciagueçahar,,jean-lassalle,Jean Lassalle,2002
Wladimir d'Ormesson,,BEZOUI Céline,yves-fromion,Yves Fromion,1997
Isabelle Grousseau,Franco Fedele,MENARD Michel,michel-menard,Michel Ménard,2007
Richard Miron,,DI MARINO Anne,sylvie-andrieux,Sylvie Andrieux,1997
Marc Francina,,BAUD Jean Baptiste,marc-francina,Marc Francina,2003
Jean-Louis Masson,,SEEMULLER William,jean-pierre-giran,Jean-Pierre Giran,1997
Gabriel Maquin,,,gerard-charasse,Gérard Charasse,1997
Arnaud Viala,,,alain-marc,Alain Marc,2007
Émilien Roso,Mathilde Bœuf,FEKL Matthias,regine-poveda,Régine Povéda,2014
,Virginie Henocq,EL KASSIMI Nozha,christian-hutin,Christian Hutin,2007
Loïc Girard,Laurence MARCILLAUD,DUGAS RAVENEAU Fabienne,dominique-bussereau,Dominique Bussereau,1986
Axel Poniatowski,Marc Denis,HADIZADEH Ayda,axel-poniatowski,Axel Poniatowski,2002
Pierre-André Perissol,Daniele Roury,ALEXANDRE Magali,guy-chambefort,Guy Chambefort,2007
Bruno Le Maire,Laetitia Sanchez,,bruno-le-maire,Bruno Le Maire,2007
Fabienne Chochois,Cindy Pacques,CUVILLIER Frédéric,frederic-cuvillier,Frédéric Cuvillier,2007
Brigitte Kuster,,DASSIE Fabrice,bernard-debre,Bernard Debré,1986
Georges Siffredi,Denis Delrieu,LANIER Benjamin,patrick-devedjian,Patrick Devedjian,1986
Atanase Périfan,,PAU LANGEVIN George,george-pau-langevin,George Pau-Langevin,2007
,Rudy L'Orphelin,VEVE Eric,philippe-duron,Philippe Duron,1997
Jean-Frédéric Poisson,David Jutier,HUSSON Jean Claude,jean-frederic-poisson,Jean-Frédéric Poisson,2007
Olivier Chartier,Yohan MAGNERON,PERSICO Patricia,catherine-coutelle,Catherine Coutelle,2007
,,GLAVANY Jean,jean-glavany,Jean Glavany,1993
,Dominique Busson,BARTOLONE Claude,claude-bartolone,Claude Bartolone,1981
Bernadette Herault,Aminata Niakate,CARVOUNAS Luc,rene-rouquet,René Rouquet,1981
,Juliette Chesnel,,rudy-salles,Rudy Salles,1988
Arnaud Robinet,,TUNC Alexandre,arnaud-robinet,Arnaud Robinet,2008
Dino Cinieri,,JUBAN Laurence,dino-cinieri,Dino Cinieri,2002
,,,francois-sauvadet,François Sauvadet,1993
Léa Boyer,Benjamin Deceuninck,FRONTANAU Nelly,william-dumas,William Dumas,2004
Yves Censi,,VIDAL Sarah,yves-censi,Yves Censi,2002
,Mikaël Agopiantz,ECKERT Christian,christian-eckert,Christian Eckert,2007
Didier Quentin,Stéphanie MUZARD,,didier-quentin,Didier Quentin,1997
,,TRUONG Elodie,genevieve-gaillard,Geneviève Gaillard,1997
Serge Grouard,,,serge-grouard,Serge Grouard,2002
Guy Teissier,Hervé Menchon,,guy-teissier,Guy Teissier,1988
Franck Louvrier,Yves Coquard,BOYE Anne,christophe-priou,Christophe Priou,2002
,Patrick Baranger,,jean-yves-le-deaut,Jean-Yves Le Déaut,1986
,Elisabeth Sesma,KARAMANLI Marietta,marietta-karamanli,Marietta Karamanli,2007
Philippe Cochet,Jérôme Trotignon,VERPILLOT Natacha,philippe-cochet,Philippe Cochet,2002
Patrick Lagarde,Christine L'Heureux,SPEISSMANN Stessy,francois-vannson,François Vannson,1993
Cyrille Brero,Brigitte Monnet,DUVERNET Marc Henri,jacques-pelissard,Jacques Pélissard,1993
Maël de Calan,Christine Prigent,BUI Gwenegan,marylise-lebranchu,Marylise Lebranchu,1997
Marie-Pierre Callet,Mathieu Foucaut,MEBAREK Nora,michel-vauzelle,Michel Vauzelle,1986
Pierre-Yves Bournazel,,EL KHOMRI Myriam,christophe-caresche,Christophe Caresche,1997
Robert Karulak,Dominique Pigeon,JUANICO Régis,regis-juanico,Régis Juanico,2007
Yves Nicolin,Alain Valentin,DUMOULIN Brigitte,yves-nicolin,Yves Nicolin,1993
Alix Huygues-Beaufond,,,eric-jalton,Éric Jalton,2002
Jean-Pierre Brenas,Nicolas Bonnet,AUDET Cécile,odile-saugues,Odile Saugues,1997
Alexandre Rassaërt,,SEGUELA Martine,franck-gilard,Franck Gilard,2002
Dominique Tian,Christine Juste,LEVY-MOZZICONACCI Annie,dominique-tian,Dominique Tian,2002
Daniel Gonthier,,LECONSTANT Philippe,jean-claude-fruteau,Jean-Claude Fruteau,2007
Stéphane Viry,Gilles Bilot,FRANCOIS Martine,michel-heinrich,Michel Heinrich,2002
,Pascal Pragnère,BEDIER Patrice,philippe-folliot,Philippe Folliot,2002
Gérard Menuel,,BLANCHON David,francois-baroin,François Baroin,1993
Sébastien Leclerc,Angélique Havard,,guy-bailliart,Guy Bailliart,2015
Valérie Montandon,Emmanuelle Pierre-Marie,MAZETIER Sandrine,sandrine-mazetier,Sandrine Mazetier,2007
,Danon Odayen,,patrick-lebreton,Patrick Lebreton,2007
Catherine Vergé,Stéphane Linou,VIOLA André,jean-paul-dupre,Jean-Paul Dupré,1997
,Judith Leray,DANIEL Karine,jean-marc-ayrault,Jean-Marc Ayrault,1986
Julien Dive,Michel Magniez,,julien-dive,Julien Dive,2016
Pauline Roy,Eurydice Bled,MARBOT Jérôme,martine-lignieres-cassou,Martine Lignières-Cassou,1997
,,GUEDJ Jérôme,francois-lamy,François Lamy,1997
Laurent Bernier,,,gabrielle-louis-carabin,Gabrielle Louis-Carabin,2002
Christian Jacob,,HUSSON Olivier,christian-jacob,Christian Jacob,1995
Jacques Lamblin,Marie-Neige Houchard,,jacques-lamblin,Jacques Lamblin,2007
Véronique Schaaf-Lenoir,Armelle BOIVIN,BONNEAU Marc,jean-grellier,Jean Grellier,2007
David Douillet,Patricia Charton,BAS Marie Noelle,david-douillet,David Douillet,2009
,Alexandre Voisin,HABIB David,david-habib,David Habib,2002
,Nicolas Aubineau,VERGNIER Michel,michel-vergnier,Michel Vergnier,1997
Alexandra Custodio,Olivier Longeon,,jean-louis-gagnaire,Jean-Louis Gagnaire,2007
Vincent Roger,Corine Faugeron,BLOCHE Patrick,patrick-bloche,Patrick Bloche,1997
Jérôme Moroge,Hélène Dromain,CHIZAT David,michel-terrot,Michel Terrot,1986
Philippe Vitel,,MUSCHOTTI Cécile,philippe-vitel,Philippe Vitel,2002
Xavier Breton,,,xavier-breton,Xavier Breton,2007
Sébastien Huyghe,Yannick Brohard,LEDUC Aude,sebastien-huyghe,Sébastien Huyghe,2002
Dominique Sauget,,MORIZIO Annick,daniel-boisserie,Daniel Boisserie,1997
Magalie Vicente,,VERRI Pierre,michel-issindou,Michel Issindou,2007
Franck Riester,,,franck-riester,Franck Riester,2007
Jean Delalandre,,BOUILLON Christophe,christophe-bouillon,Christophe Bouillon,2007
Bernard Brochand,,,bernard-brochand,Bernard Brochand,2001
Julien Dive,Michel Magniez,,xavier-bertrand,Xavier Bertrand,2002
Marianne Dubois,,STROMBONI Thierry,marianne-dubois,Marianne Dubois,2009
Didier Guillon,Jean Cathala,CROM Florence,annick-le-loch,Annick Le Loch,2007
Stéphanie Pernod-Beaudon,Jean Mercier,SACCHI Géraldine,etienne-blanc,Étienne Blanc,2002
Sandrine Gelot-Rateau,Claire Carré,GUIN Ophélie,nathalie-kosciusko-morizet,Nathalie Kosciusko-Morizet,2002
Olivier Marleix,Youssef Lamrini,FAVERIS Nadia,olivier-marleix,Olivier Marleix,2012
,Emmanuel Rodriguez,SEBAOUN Gérard,gerard-sebaoun,Gérard Sebaoun,2012
Gaëlle Nicolas,Nathanaël Legeard,FERRAND Richard,richard-ferrand,Richard Ferrand,2012
Sébastien Tasserie,Joséphine Landormi,TROALLIC Catherine,catherine-troallic,Catherine Troallic,2012
,Catherine BARRAULT,,veronique-massonneau,Véronique Massonneau,2012
Françoise Branget,,ROMAGNAN Barbara,barbara-romagnan,Barbara Romagnan,2012
Dominique Nachury,Véronique Dubois-Bertrand,BRUGNERA Anne,dominique-nachury,Dominique Nachury,2012
Daniel Mach,Jean-Marc Panis,CRESTA Jaques,jacques-cresta,Jacques Cresta,2012
,Zafer Girisit,BLEIN Yves,yves-blein,Yves Blein,2012
Stéphane Gros,Régine Saura-Lacour,UNTERMAIER Cécile,cecile-untermaier,Cécile Untermaier,2012
,,,jean-paul-tuaiva,Jean-Paul Tuaiva,2012
,Arnaud Boucheny,CHANTREL Yann,corinne-narassiguin,Corinne Narassiguin,2012
Olivier Capron,Jeanine Lecaille,,anne-lise-dufour-tonini,Anne-Lise Dufour-Tonini,2012
,Cécile Duflot,OUMER Nawel,cecile-duflot,Cécile Duflot,2012
Damien Abad,,,damien-abad,Damien Abad,2012
,,,sonia-lagarde,Sonia Lagarde,2012
Charles-Ange Ginesy,,CARLIER Pierre Marie,charles-ange-ginesy,Charles-Ange Ginesy,2005
,Dominique Andrieu Bonnet,DUMAS Françoise,francoise-dumas,Françoise Dumas,2012
Laurence Azzena-Gougeon,,LEMAIRE Axelle,axelle-lemaire,Axelle Lemaire,2012
,Carmélina De Pablo,SOMMARUGA Julie,julie-sommaruga,Julie Sommaruga,2012
Sylvie Grondin,,LESAGE Michel,michel-lesage,Michel Lesage,2012
Pierre Lang,Chantal Feller,KINNEL Jean Christophe,laurent-kalinowski,Laurent Kalinowski,2012
Jean-Sébastien Vialatte,Denise Reverdito,COSTE Jimmy,jean-sebastien-vialatte,Jean-Sébastien Vialatte,2002
Elie Aboud,,,dolores-roque,Dolores Roqué,2012
Sandra Sinimalé,Mélissa Cousin,GOBALOU Virginie,thierry-robert,Thierry Robert,2012
Chantal Brunel,,RIHAN CYPEL Eduardo,eduardo-rihan-cypel,Eduardo Rihan Cypel,2012
Stéphane Decayeux,,BOISTARD Pascale,pascale-boistard,Pascale Boistard,2012
Véronique Louwagie,Jean-Paul Daveau,,veronique-louwagie,Véronique Louwagie,2012
Béatrice Pavy,Thierry Pradier,CHAUVIN Nicolas,guy-michel-chauveau,Guy-Michel Chauveau,1981
,Isabelle Catrain,BOUTIH Malek,malek-boutih,Malek Boutih,2012
Michel Py,Marie-Laure Arripe,FABRE Marie-Hélène,marie-helene-fabre,Marie-Hélène Fabre,2012
Sébastien Leclerc,Angélique Havard,,clotilde-valter,Clotilde Valter,2012
,,,jonas-tahuaitu,Jonas Tahuaitu,2012
Emmanuelle Anthoine,,JOUVET Pierre,nathalie-nieson,Nathalie Nieson,2012
Patrick Beaudouin,Laurence Abeille,BEDOURET Patrice,laurence-abeille,Laurence Abeille,2012
,Vincent Dubail,BRANNENS Marie,jean-christophe-fromantin,Jean-Christophe Fromantin,2012
Marie-Do Aeschlimann,Laurent Guillard,BARTHELEMY RUIZ Chantal,sebastien-pietrasanta,Sébastien Pietrasanta,2012
Manon Laporte,Pierre Serne,HAMMADI Razzy,razzy-hammadi,Razzy Hammadi,2012
Erwan Davoux,Yann Roustan,LE BRET Didier,pouria-amirshahi,Pouria Amirshahi,2012
,Stéphane Bernard,DESCAMPS CROSNIER Françoise,francoise-descamps-crosnier,Françoise Descamps-Crosnier,2012
Guillaume Chevrollier,Adèle Gourvil,,guillaume-chevrollier,Guillaume Chevrollier,2012
Bertrand Plouvier,,ANDRO Gaelle,nathalie-appere,Nathalie Appéré,2012
Stephan Rossignol,Bertrand Coisne,VIGNAL Patrick,patrick-vignal,Patrick Vignal,2012
Michel Dufranc,Dominique Baude,SAVARY Gilles,gilles-savary,Gilles Savary,2012
Isabelle Létrillart,Valérie Dervin Froidefont,,marie-francoise-bechtel,Marie-Françoise Bechtel,2012
Xavier Lemoine,Ginette Contrastin,POPELIN Pascal,pascal-popelin,Pascal Popelin,2012
Vincent Ledoux,Olivier Descamps,CHIGRI KERNAB Yasmina,gerald-darmanin,Gérald Darmanin,2012
Françoise Beziat,Murriel Padovani-Lorioux,COMBES Bernard,alain-ballay,Alain Ballay,2016
Claude Sturni,Mélanie Goerke,,claude-sturni,Claude Sturni,2012
Danièle Pages,David Berrue,NEUVILLE Ségolène,segolene-neuville,Ségolène Neuville,2012
Bernard Carayon,Stéphane Delorge,,linda-gourjade,Linda Gourjade,2012
Philippe Gustin,Anna Deparnay-Grunenberg,LE BORGN' Pierre Yves,pierre-yves-le-borgn,Pierre-Yves Le Borgn',2012
Pascal Thevenot,Tanguy Ruellan,ADJUWARD Amroze,valerie-pecresse,Valérie Pecresse,2002
Anne Lorne,Bertrand Artigny,,thierry-braillard,Thierry Braillard,2012
Nathalie Babouhot,Florence Lamaze,FRANQUEVILLE Christian,christian-franqueville,Christian Franqueville,1997
André Martin,,BARDY Serge,serge-bardy,Serge Bardy,2012
Déborah Pawlik,Julien Bayou,DAGOMA Seybah,seybah-dagoma,Seybah Dagoma,2012
Jacqueline Irles,Franck Huette,REYNAL Alexandre,pierre-aylagas,Pierre Aylagas,2012
Frederique Leblanc,Maïtane Sebastians,LUCAS Johann,michel-francaix,Michel Françaix,1988
,Dany Neveu,RECALDE Marie,marie-recalde,Marie Récalde,2012
Caroline Meloni,Daniel Ludwikowski,BAYS Nicolas,nicolas-bays,Nicolas Bays,2012
Sylvie Durruty,Pathias Thibault,CAPDEVIELLE Colette,colette-capdevielle,Colette Capdevielle,2012
Catherine Asso,,BERGER Karine,karine-berger,Karine Berger,2012
Richard Mallié,,,francois-michel-lambert,François-Michel Lambert,2012
Catherine Dardé,,DOMBRE COSTE Fanny,fanny-dombre-coste,Fanny Dombre Coste,2012
Eric Saubatte,Hélèna Timmer Blanchard,CHABANNE Nathalie,nathalie-chabanne,Nathalie Chabanne,2012
Véronique Carantois,Jean-Marc Pasquet,COLAS Romain,thierry-mandon,Thierry Mandon,1988
Muriel Dherbecourt,Marie-Pierre Mercier,EYSSERIC Catherine,patrice-prat,Patrice Prat,2012
Marie-Hélène Herry,Nathalie Landriau-Berhault,,paul-molac,Paul Molac,2012
Soizic Perrault,Joël Labbé,,jean-pierre-le-roch,Jean-Pierre Le Roch,2012
Arnaud Lafon,Henri Arevalo,ARIF Kader,kader-arif,Kader Arif,2012
Guillaume Guerin,,BEAUBATIE Catherine,catherine-beaubatie,Catherine Beaubatie,2012
Emmanuel Maquet,,,jean-claude-buisine,Jean-Claude Buisine,2012
Bruno Leal,Jean-Marc SOUBESTE,,olivier-falorni,Olivier Falorni,2012
François Goulard,Cécile Franchet,,herve-pellois,Hervé Pellois,2012
Georges Mothron,Pascal Bertolini,DOUCET Philippe,philippe-doucet,Philippe Doucet,2012
Robin Reda,Eva Sas,,eva-sas,Eva Sas,2012
Jean-Paul Legendre,,DESTANS Jean-Louis,jean-louis-destans,Jean-Louis Destans,2012
Jean-Pierre Barbier,Nadine Reux,LIMON CHARPONAY Monique,jean-pierre-barbier,Jean-Pierre Barbier,2012
Michel Petit,Sylvie Joniaux,COTTEL Jean Jacques,jean-jacques-cottel,Jean-Jacques Cottel,2012
Emmanuel Franco,Alexis Braud,,stephane-le-foll,Stéphane Le Foll,2012
,,,edouard-fritch,Édouard Fritch,1986
Marguerite Lamour,,,jean-luc-bleunven,Jean-Luc Bleunven,2012
,,CORRE Valérie,valerie-corre,Valérie Corre,2012
Émilien Roso,Mathilde Bœuf,FEKL Matthias,matthias-fekl,Matthias Fekl,2012
Nicolas Forissier,,BRUNEAU Isabelle,isabelle-bruneau,Isabelle Bruneau,2012
,,,bruno-nestor-azerot,Bruno Nestor Azerot,2012
Pierre-Emmanuel Gibson,Marie-Andrée Queste,,stephane-saint-andre,Stéphane Saint-André,2012
Philippe Morenvillier,,POTIER Dominique,dominique-potier,Dominique Potier,2012
Sophie Bertrand,,SINSOULIER Agnès,nicolas-sansu,Nicolas Sansu,2012
Thierry Solere,,,thierry-solere,Thierry Solère,2012
Alain Leboeuf,Guy Batiot,DREURE Cécile,alain-leboeuf,Alain Leboeuf,2012
,,,david-verge,David Vergé,2012
Jean-Jacques Ferrara,,,laurent-marcangeli,Laurent Marcangeli,2012
Jean-Manuel Cousin,,TRAVERT Stéphane,stephane-travert,Stéphane Travert,2012
Fabrice Brun,,BUIS Sabine,sabine-buis,Sabine Buis,2012
Gabriel Lagrandcourt,,,jean-philippe-nilor,Jean-Philippe Nilor,2012
Maïder Arosteguy,Sophie Bussière,ALAUX Sylviane,sylviane-alaux,Sylviane Alaux,2012
Valérie Lacroute,,,valerie-lacroute,Valérie Lacroute,2012
Pierre Cordier,,LEONARD Christophe,christophe-leonard,Christophe Léonard,2012
,,GUITTET RAISON Chantal,chantal-guittet,Chantal Guittet,2012
Nathalie Bassire,Jean-Alain Cadet,VLODY Jean Jacques,jean-jacques-vlody,Jean Jacques Vlody,2012
Xavier Courtois,,,jean-yves-caullet,Jean-Yves Caullet,1999
Pascal Drouhaud,Sergio Coronado,BAILLON Florence,sergio-coronado,Sergio Coronado,2012
Anne Erschens,Olivier Muller,ZIVKOVIC Sladana,laurent-grandguillaume,Laurent Grandguillaume,2012
Ludovic Fagaut,,,eric-alauzet,Éric Alauzet,2012
,,,daniel-gibbes,Daniel Gibbes,2012
Sylvie Chammougom-Anno,,,ary-chalus,Ary Chalus,2012
Jean-Philippe Maurer,,BIES Philippe,philippe-bies,Philippe Bies,2012
Maryline Silvestre,Eric Berger,BINET Erwann,erwann-binet,Erwann Binet,2012
Emilie Bonnivard,Béatrice Fontaine,,beatrice-santais,Béatrice Santais,2012
Carole Piette,Martine Jung,ZANETTI Paola,paola-zanetti,Paola Zanetti,2012
Gilles Lurton,,THIERRY Alexandra,gilles-lurton,Gilles Lurton,2012
Stéphane Paoli,,CIOT Jean-David,jean-david-ciot,Jean-David Ciot,2012
Pascale Caravel-Fauguet,Michel Procureur,,kheira-bouziane,Kheira Bouziane-Laroussi,2012
Jean-Pierre Vigier,,MIALON Josiane,jean-pierre-vigier,Jean-Pierre Vigier,2012
Laure Darcos,Didier Missenard,OLIVIER Maud,maud-olivier,Maud Olivier,2012
Annie Genevard,,,annie-genevard,Annie Genevard,2012
Jean-Pierre Bataille,,LABITTE Michel,jean-pierre-allossery,Jean-Pierre Allossery,2012
Richard Flandin,Sibylle Jannekeyn,,christophe-cavard,Christophe Cavard,2012
Laurent Furst,,,laurent-furst,Laurent Furst,2012
Cathy Bissonnier,,FAURE Olivier,olivier-faure,Olivier Faure,2012
Françoise Beziat,Murriel Padovani-Lorioux,COMBES Bernard,sophie-dessus,Sophie Dessus,2012
Catherine Amiot,Pierre-Etienne Graffard,BAUMEL Philippe,philippe-baumel,Philippe Baumel,2012
,,,philippe-gomes,Philippe Gomes,2012
Anthony Arciero,Dominique Dufumier,BROUSSY Luc,jean-pierre-blazy,Jean-Pierre Blazy,1997
,,MEADEL Juliette,emeric-brehier,Emeric Bréhier,2012
Hayette Hamidi,Laurent Servières,HANOTIN Mathieu,mathieu-hanotin,Mathieu Hanotin,2012
Jonas Haddad,,PANE Luce,luce-pane,Luce Pane,2012
Claude de Ganay,,,claude-de-ganay,Claude de Ganay,2012
,,,jeanine-dubie,Jeanine Dubié,2012
Isabelle Le Callennec,,LENFANT Stéphane,isabelle-le-callennec,Isabelle Le Callennec,2012
Brigitte Bareges,Guillaume Arnaud,RABAULT Valérie,valerie-rabault,Valérie Rabault,2012
,Jean-Louis Roumegas,,jean-louis-roumegas,Jean-Louis Roumegas,2012
Jérôme Guiho,Anne-Myriam Douchement,ERRANTE Sophie,sophie-errante,Sophie Errante,2012
Jean-François Perilhou,Serge Marolleau,THIBAUD Marlène,jacques-bompard,Jacques Bompard,1986
Jean-Paul Garraud,Leila Achrit,,florent-boudie,Florent Boudié,2012
Sébastien Ginet,,CASTANER Christophe,christophe-castaner,Christophe Castaner,2012
Yves Foulon,Nicolas Dubot,,yves-foulon,Yves Foulon,2012
Sylvie Marcilly,Abdelouahed TATOU,,suzanne-tallard,Suzanne Tallard,2012
Didier Deru,,LE DISSEZ Viviane,viviane-le-dissez,Viviane Le Dissez,2012
Laurence Arribagé,,HARDY Isabelle,jean-luc-moudenc,Jean-Luc Moudenc,2012
,,,gaby-charroux,Gaby Charroux,2012
Philippe Calleja,Jérôme Brosseron,FAURE Alain,alain-faure,Alain Fauré,2012
,Maryse Combres,LOUSTEAU Lucette,lucette-lousteau,Lucette Lousteau,2012
Alain Marsaud,,DAAD Naffi,alain-marsaud,Alain Marsaud,1993
Solange Biaggi,,MENNUCCI Patrick,patrick-mennucci,Patrick Mennucci,2012
Catherine Vautrin,,MANIANI Imane,catherine-vautrin,Catherine Vautrin,2002
Claudine Schmid,Jean Rossiaud,,claudine-schmid,Claudine Schmid,2012
Charles de la Verpillière,,,charles-de-la-verpilliere,Charles de La Verpillière,2007
Nadia Frontigny,Samia Kasmi,BACHELAY Alexis,alexis-bachelay,Alexis Bachelay,2012
Sandrine Richard,Sybille Bernard,,denis-baupin,Denis Baupin,2012
Nancy Canaud,,LE DAIN Anne Yvonne,anne-yvonne-le-dain,Anne-Yvonne Le Dain,2012
Julien Aubert,Marie-Christine Kadler,LOVISOLO Jean François,julien-aubert,Julien Aubert,2012
,,BELLONTE Alphonse,danielle-auroi,Danielle Auroi,2012
Jean-Yves Cousin,Sibylle Corblet-Aznar,,alain-tourret,Alain Tourret,1997
Yves Moraine,,CARLOTTI Marie-Arlette,marie-arlette-carlotti,Marie-Arlette Carlotti,2012
,,ORPHE Monique,monique-orphe,Monique Orphé,2012
Jean-Marie Tétart,Salah Anouar,MOHAMMAD Alie,jean-marie-tetart,Jean-Marie Tetart,2012
Catherine Fetilleux,,ROBILIARD Denys,denys-robiliard,Denys Robiliard,2012
Cédric Nouvelot,Isabelle Attard,,isabelle-attard,Isabelle Attard,2012
Catherine Rolandin,,CHAPDELAINE Marie Anne,marie-anne-chapdelaine,Marie-Anne Chapdelaine,2012
Florence Bariseau,Hélène Hardy,LINKENHELD Audrey,audrey-linkenheld,Audrey Linkenheld,2012
Alexandre Vincendet,Pierre Didier Tchetche-Apea,GAUQUELIN Renaud,helene-geoffroy,Hélène Geoffroy,2012
Sophie Rohfritsch,,,sophie-rohfritsch,Sophie Rohfritsch,2012
Stéphanie Flori-Dutour,Agnès Mollon,PIRES BEAUNE Christine,christine-pires-beaune,Christine Pires Beaune,2012
Patrice Calmejane,Aurélien Berthou,POCHON Elisabeth,elisabeth-pochon,Elisabeth Pochon,2012
Vincent Chriqui,Frédéric Espinosa,HUILLIER Joelle,joelle-huillier,Joëlle Huillier,2012
Vincent Descoeur,Stéphane Frechou,CALMETTE Alain,alain-calmette,Alain Calmette,2012
Christelle Morançais,Isabelle Severe,DUBOIS Françoise,francoise-dubois,Françoise Dubois,2012
Anne-Maud Goujon,,,philippe-nogues,Philippe Noguès,2012
Frédéric Meura,,BRICOUT Jean Louis,jean-louis-bricout,Jean-Louis Bricout,2012
Nicolas Florian,Nelson Palis-Niermann,DOUCET Sandrine,sandrine-doucet,Sandrine Doucet,2012
,,VALADIER Céline,marion-marechal-le-pen,Marion Maréchal-Le Pen,2012
,,ANDRE François,francois-andre,François André,2012
Louis Cosyns,,GALUT Yann,yann-galut,Yann Galut,1997
Laurence Cristol,Laurent Dupont,ROIG Frédéric,frederic-roig,Frédéric Roig,2012
Guillaume Larrivé,Edwige Dorbon,,guillaume-larrive,Guillaume Larrivé,2012
Jérôme Nury,,,yves-goasdoue,Yves Goasdoue,2012
Pascale Mourrut,Béatrice Leccia,GUYOT Katy,gilbert-collard,Gilbert Collard,2012
Alexandrine Pintus,Marine Tondelier,KEMEL Philippe,philippe-kemel,Philippe Kemel,2012
,Marie-Cécile Seigle-Vatte,AVIRAGNET Joel,carole-delga,Carole Delga,2012
Virginie Tinland,Dominique Damour,LEFEBVRE Dominique,dominique-lefebvre,Dominique Lefebvre,2012
,,HUE Nicolas,henri-guaino,Henri Guaino,2012
Pierre-Henri Dumont,Francis Gest,CAPET Yann,yann-capet,Yann Capet,2012
Christophe Rivenq,Dirk Offringa,VERDIER Fabrice,fabrice-verdier,Fabrice Verdier,2012
Josiane Corneloup,Dominique Cornet,BACCOT Philomène,edith-gueugneau,Edith Gueugneau,2012
,Guy Harau,VAISSE Brigitte,anne-grommerch,Anne Grommerch,2008
Yannick Moreau,Laurent Akriche,PITALIER Anthony,yannick-moreau,Yannick Moreau,2012
,Zélie Pelletier,KHIROUNI Chaynesse,chaynesse-khirouni,Chaynesse Khirouni,2012
Richard Dell'agnola,Marie Leclerc-Bruant,BRIDEY Jean Jacques,jean-jacques-bridey,Jean-Jacques Bridey,2012
,,,gabriel-serville,Gabriel Serville,2012
,Elodie Héren,,barbara-pompili,Barbara Pompili,2012
Alain Hunault,Corinne Desfosses,DANIEL Yves,yves-daniel,Yves Daniel,2012
Éric de Valroger,Christine Guillemin,,patrice-carvalho,Patrice Carvalho,1997
Virginie Duby-Muller,Catherine Walthert Selosse,FAVRELLE Anne,virginie-duby-muller,Virginie Duby-Muller,2012
Martine Tison,,LE HOUÉROU Annie,annie-le-houerou,Annie Le Houerou,2012
Alexandra Turnar,Raphaël Bétemps,,bernadette-laclais,Bernadette Laclais,2012
Nicolas Leblanc,,PAUVROS Rémi,remi-pauvros,Rémi Pauvros,2012
Philippe Le Ray,Claire Masson,LE SQUER Stéphanie,philippe-le-ray,Philippe Le Ray,2012
,Meddy Belabbas,,jean-luc-laurent,Jean-Luc Laurent,2012
Clarisse Coufourier,,GRELIER Estelle,estelle-grelier,Estelle Grelier,2012
Philippe Pemezec,,GERMAIN Jean Marc,jean-marc-germain,Jean-Marc Germain,2012
Marie-Carole Ciuntu,Samuel Szymanski,ZAIDANE Zakaria,jacques-alain-benisti,Jacques Alain Bénisti,2002
Elad Chakrina,,,boinali-said,Boinali Said,2012
Gilles d'Ettore,Agnès Gizard Carlin,DENAJA Sébastien,sebastien-denaja,Sébastien Denaja,2012
,Hélène Dian,POUZOL Michel,michel-pouzol,Michel Pouzol,2012
,Nil Delahaye,,daphna-poznanski-benhamou,Daphna Poznanski-Benhamou,2012
Nathalie Kosciusko-Morizet,Florentin Letissier,CHERKI Pascal,pascal-cherki,Pascal Cherki,2012
Hervé Novelli,,BAUMEL Laurent,laurent-baumel,Laurent Baumel,2012
Luc Bouard,Françoise Besson,BULTEAU Sylviane,sylviane-bulteau,Sylviane Bulteau,2012
Guillaume Decard,Jacky Giral,REZAGUI Insaf,georges-ginesta,Georges Ginesta,2002
Sandra Dalbin,,,olivier-ferrand,Olivier Ferrand,2012
Jean-Michel Lalère,Ghislaine Rautureau,FOURAGE Hugues,hugues-fourage,Hugues Fourage,2012
Olivier Audibert-Troin,Bruno Delport,,olivier-audibert-troin,Olivier Audibert Troin,2012
Laure de la Raudière,Françoise Réparat,,laure-de-la-raudiere,Laure de La Raudière,2007
Bruno Gattaz,,,michele-bonneton,Michèle Bonneton,2012
Simone Pauzin-Fournié,Christine Arrighi,BORGEL Christophe,christophe-borgel,Christophe Borgel,2012
Nicole Lanaspre,Pierrette Borgne,LEON Nelly,jean-noel-carpentier,Jean-Noël Carpentier,2012
Claire Hugues,Corine Guignard,,monique-rabin,Monique Rabin,2012
Patrick Hetzel,,,patrick-hetzel,Patrick Hetzel,2012
Laurence Sailliet,,,arnaud-leroy,Arnaud Leroy,2012
Mansour Kamardine,,,ibrahim-aboubacar,Ibrahim Aboubacar,2012
Sophie Dion,Lionel Jacquet,,sophie-dion,Sophie Dion,2012
François de Mazières,,ROSSETTINI Charlotte,francois-de-mazieres,François de Mazières,2012
Caroline Fel,,BELOT Luc,luc-belot,Luc Belot,2012
Camille de Rocca-Serra,Hélène Sanchez,,camille-de-rocca-serra,Camille de Rocca Serra,2002
Alain Chretien,Marie-Claire Thomas,,alain-chretien,Alain Chrétien,2012
Arnaud Julien,,ASSAF Christian,christian-assaf,Christian Assaf,2012
Didier Gonzales,,,roger-gerard-schwartzenberg,Roger-Gérard Schwartzenberg,1986
Jean-Patrick Courtois,Claire Mallard,N'DIAYE Catherine,thomas-thevenoud,Thomas Thévenoud,2012
,Perrine Ledan,CORDERY Philip,philip-cordery,Philip Cordery,2012
Jean-Michel Fourgous,Brigitte Bouchet,HAMON Benoit,benoit-hamon,Benoît Hamon,2012
Bertrand Deniaud,,,joaquim-pueyo,Joaquim Pueyo,2012
Stéphanie Parry,,LAGRANGE Christine,michele-fournier-armand,Michèle Fournier-Armand,2012
Eric Diard,Nathalie Sirben,ROVARINO Isabelle,vincent-burroni,Vincent Burroni,1998
Jean-Michel Taccoen,Louis Planque,BOURGUIGNON Brigitte,brigitte-bourguignon,Brigitte Bourguignon,2012
Jean-Jacques Morel,Jean-Pierre Marchau,BAREIGTS Ericka,ericka-bareigts,Ericka Bareigts,2012
,Colette Charriau,BAGARRY Delphine,gilbert-sauvan,Gilbert Sauvan,2012
,Dominique Jourdain,,jacques-krabal,Jacques Krabal,2012
Charles d’Anjou,Benjamin Houdry,THEVENOT Jean Pierre,dominique-chauvel,Dominique Chauvel,2012
Gaëlle Blanc-Lajoinie,Brigitte Allain,,brigitte-allain,Brigitte Allain,2012
Philippe-Armand Martin,,BELAREDJ TUNC Hadhoum,philippe-armand-martin,Philippe Armand Martin,1993
Sandra Dalbin,,,jean-pierre-maggi,Jean-Pierre Maggi,2012
Arnaud Lafon,Henri Arevalo,ARIF Kader,emilienne-poumirol,Émilienne Poumirol,2012
David Margueritte,Jean-Sébastien Hederer,,genevieve-gosselin,Geneviève Gosselin-Fleury,2012
Marie-Hélène Roux,David Cormand,BACHELAY Guillaume,guillaume-bachelay,Guillaume Bachelay,2012
Emmanuel Franco,Alexis Braud,,sylvie-tolmont,Sylvie Tolmont,2012
Jean-Louis Costes,Lionel Feuillas,MOLIERAC Guillaume,jean-claude-gouget,Jean-Claude Gouget,2012
Caroline Varin,Jacques Picard,,carlos-da-silva,Carlos Da Silva,2012
,,VERAN Olivier,olivier-veran,Olivier Véran,2012
Sonia Petro,,,helene-vainqueur-christophe,Hélène Vainqueur-Christophe,2012
,,TOURAINE Marisol,jean-marie-beffara,Jean-Marie Beffara,2012
,Judith Leray,DANIEL Karine,jean-pierre-fougerat,Jean-Pierre Fougerat,2012
,Cécile Duflot,OUMER Nawel,daniele-hoffman-rispal,Danièle Hoffman-Rispal,2002
Gérard Menuel,,BLANCHON David,gerard-menuel,Gérard Menuel,1995
Maël de Calan,Christine Prigent,BUI Gwenegan,gwenegan-bui,Gwenegan Bui,2012
Anne Valryck,,,vincent-feltesse,Vincent Feltesse,2012
Marie-Françoise Nadau,Michèle Belitzerkaufski,LAGRAVE Renaud,florence-delaunay,Florence Delaunay,2012
Jean-François Bures,Véronique Bérégovoy,FOURNEYRON Valérie,pierre-leautey,Pierre Léautey,2012
Fabienne Chochois,Cindy Pacques,CUVILLIER Frédéric,therese-guilbert,Thérèse Guilbert,2012
Mathieu Albugues,Dominique Parcellier,,jacques-moignard,Jacques Moignard,2012
Atanase Périfan,,PAU LANGEVIN George,fanelie-carrey-conte,Fanélie Carrey-Conte,2012
Yves Moraine,,CARLOTTI Marie-Arlette,avi-assouly,Avi Assouly,2012
Julien Freyburger,Philippe Casin,FILIPETTI Aurélie,gerard-terrier,Gérard Terrier,1997
Severine Vachon,Laurence RÉAU,BATHO Delphine,jean-luc-drapeau,Jean-Luc Drapeau,2012
Samia Soultani-Vigneron,Maël Rannou,GAROT Guillaume,sylvie-pichot,Sylvie Pichot,2012
Jean-Michel Fourgous,Brigitte Bouchet,HAMON Benoit,jean-philippe-malle,Jean-Philippe Mallé,2012
Valère Nedey,Anna Maillard,BARBIER Frédéric,frederic-barbier,Frédéric Barbier,2012
,Mikaël Agopiantz,ECKERT Christian,jean-marc-fournel,Jean-Marc Fournel,2014
,,GUEDJ Jérôme,jerome-guedj,Jérôme Guedj,2012
Philippe Langenieux-Villard,,GIRAUD Eliane,pierre-ribeaud,Pierre Ribeaud,2015
Elie Aboud,,,elie-aboud,Élie Aboud,2007
Sylvain Berrios,Catherine Monié,VAGNIER Laurence,sylvain-berrios,Sylvain Berrios,2012
Stéphane Decayeux,,BOISTARD Pascale,pascal-demarthe,Pascal Demarthe,2014
Elsa Schalck,Abdelkarim Ramdane,ELKOUBY Eric,eric-elkouby,Eric Elkouby,2016
,,,napole-polutele,Napole Polutélé,2013
,,DUPOUEY Francis,franck-montauge,Franck Montaugé,2013
,Arnaud Boucheny,CHANTREL Yann,frederic-lefebvre,Frédéric Lefebvre,2007
,Nil Delahaye,,meyer-habib,Meyer Habib,2013
Jean-Louis Costes,Lionel Feuillas,MOLIERAC Guillaume,jean-louis-costes,Jean-Louis Costes,2013
Danièle Pages,David Berrue,NEUVILLE Ségolène,robert-olive,Robert Olive,2014
Laurence Azzena-Gougeon,,LEMAIRE Axelle,christophe-premat,Christophe Premat,2014
,Jean-Pierre Bigorgne,URVOAS Jean-Jacques,marie-therese-le-roy,Marie-Thérèse Le Roy,2016
,,,catherine-pen,Catherine Pen,2014
Laure Esquieu,Claire Monod,LE GUEN Jean Marie,anne-christine-lang,Anne-Christine Lang,2014
Anne Lorne,Bertrand Artigny,,gilda-hobert,Gilda Hobert,2014
,,,maina-sage,Maina Sage,2014
,Pauline Pottier,LAURENT Christine,laurent-degallaix,Laurent Degallaix,2014
,,,stephane-claireaux,Stéphane Claireaux,2014
,Marie-Cécile Seigle-Vatte,AVIRAGNET Joel,joel-aviragnet,Joël Aviragnet,2014
Elise Vouvet-Laguionnie,Odile ACHARD,PINVILLE Martine,david-comet,David Comet,2015
,Frédéric Weisz,LE VERN Marie,marie-le-vern,Marie Le Vern,2015
Jean-Jacques Morel,Jean-Pierre Marchau,BAREIGTS Ericka,philippe-naillet,Philippe Naillet,2016
,Elodie Héren,,romain-joron,Romain Joron,2016
Vincent Ledoux,Olivier Descamps,CHIGRI KERNAB Yasmina,vincent-ledoux,Vincent Ledoux,2016
Pascal Thevenot,Tanguy Ruellan,ADJUWARD Amroze,pascal-thevenot,Pascal Thévenot,2016
,Judith Leray,DANIEL Karine,karine-daniel,Karine Daniel,2016
Stéphanie Pernod-Beaudon,Jean Mercier,SACCHI Géraldine,stephanie-pernod-beaudon,Stéphanie Pernod Beaudon,2016
